STT,Loại hình cân,QR phế thải,Nhà máy - Phòng ban,Tên nhà thầu,Biển số xe,Mã nhóm phế thải,Nhóm phế thải,Mã phế thải,Tên phế thải nội bộ,Tên phế thải ngoại bộ,Tên phế thải tiếng anh,Phương pháp xử lí,Đặc tính,Phân loại,Cột biểu đồ,Phương pháp cân,Số vạch,Hệ số,Số Pallet,KL pallet,KL bao bì,KL/đơn vị,Mã xe đẩy,Trọng lượng xe đẩy,KL Tổng,KL bì,KL phế thải,Tên bản ghi,Thời gian tạo,Người vận hành
1,Output,N03W8MSD,,Matsuda,18EA-9876,N03,Waste Metal,N03W8,Titan drum,Titan drum ,Au-containing waste (Titan Drum) ,Recycle,Tái chế,Rác bán lấy tiền,Recycle_Non_hazardous_Waste,Cân từ trạm cân,0,0.00,0,0.00,0.00,0.00,,0.00,0.00,0.00,0.00,20250412-F2-GIAO-MSD-18EA9876-01,4/12/2025 11:20:07 AM,Ngô Viết Đàn - ID:PA0058,
2,Output,N03W9MSD,,Matsuda,18EA-9876,N03,Waste Metal,N03W9,Nhựa ion,Nhựa trao đổi ion đã bão hòa hay đã qua sử dụng - Hạt nhựa chứa Au,Ionic resin (Gold waste),Recycle,Nguy hại,Rác bán lấy tiền,Recycle_Non_hazardous_Waste,Cân từ trạm cân,0,0.00,0,0.00,0.00,0.00,,0.00,0.00,0.00,323.00,20250412-F2-GIAO-MSD-18EA9876-01,4/12/2025 11:16:34 AM,Ngô Viết Đàn - ID:PA0058,
3,Output,S05W1MSD,,Matsuda,18EA-9876,S05,Organic Resin,S05W1,Nhựa chelate chứa Pd,Chất hấp thụ; vất liệu lọc; giẻ lau; vải bảo vệ thải bị nhiễm thành phần nguy hại - Hạt nhựa chứa Palladium,Chelate resin contain Pd,Recycle,Nguy hại,Rác bán lấy tiền,Recycle_Special_Controlled_Waste,Cân từ trạm cân,0,0.00,0,0.00,0.00,0.00,,0.00,0.00,0.00,0.00,20250412-F2-GIAO-MSD-18EA9876-01,4/12/2025 11:16:06 AM,Ngô Viết Đàn - ID:PA0058,
4,Input,N15W2F5UVL,F5-UV5,,,N15,Other Waste,N15W2,Đồng hai mặt,Copper sheet double side,Copper sheet - singer side; Copper sheet B; Copper sheet - double side,Recycle,Tái chế,Rác bán lấy tiền,Recycle_Non_hazardous_Waste,Cân xe đẩy,0,0.00,0,0.00,0.00,0.00,WAREXE01,62.50,180.00,62.50,117.50,20250412-F1-NHAN,4/12/2025 10:30:17 AM,Ngô Viết Đàn - ID:PA0058,
5,Output,S13W11MSD,,Matsuda,18EA-9876,S13,Other Hazardous Waste,S13W11,Filter chứa Pd,Chất hấp thụ; vật liệu lọc; giẻ lau; vải bảo vệ thải bị nhiễm thành phần nguy hại - Lõi lọc chứa Palladium,Pd - Containing Filter  ,Recycle,Nguy hại,Rác bán lấy tiền,Recycle_Special_Controlled_Waste,Cân từ trạm cân,0,0.00,0,0.00,0.00,0.00,,0.00,0.00,0.00,5.00,20250411-F1-GIAO-MSD-18EA9876-01,4/11/2025 1:38:29 PM,Ngô Viết Đàn - ID:PA0058,
6,Output,S05W1MSD,,Matsuda,18EA-9876,S05,Organic Resin,S05W1,Nhựa chelate chứa Pd,Chất hấp thụ; vất liệu lọc; giẻ lau; vải bảo vệ thải bị nhiễm thành phần nguy hại - Hạt nhựa chứa Palladium,Chelate resin contain Pd,Recycle,Nguy hại,Rác bán lấy tiền,Recycle_Special_Controlled_Waste,Cân từ trạm cân,0,0.00,0,0.00,0.00,0.00,,0.00,0.00,0.00,6.00,20250411-F1-GIAO-MSD-18EA9876-01,4/11/2025 1:37:56 PM,Ngô Viết Đàn - ID:PA0058,
7,Output,N02W4TL,,Thăng Long,17M7-6429,N02,Waste Paper,N02W4,Giấy CL,CL paper scrap (Phế liệu giấy loại 1),Paper from CL press process,Recycle,Tái chế,Rác bán lấy tiền,Recycle_Non_hazardous_Waste,Cân xe đẩy,0,0.00,0,0.00,45.00,0.00,,0.00,97.20,45.00,52.20,20250408-F1-GIAO-TL-17M76429-01,4/8/2025 1:52:40 PM,Ngô Viết Đàn - ID:PA0058,
8,Output,N1521TT,,Thuận Thành,18AE-1234,N15,Other Waste,N1521,aaaaaaaaaaa,,aaaaaaaaaaa,Recycle,Nguy hại,Rác thuê xử lý,Paper contain Nylon ,Cân Thường,0,0.00,0,0.00,0.00,0.00,,0.00,30.90,0.00,30.90,20250408-F1-GIAO-TT-18AE1234-01,4/8/2025 1:07:30 PM,Ngô Viết Đàn - ID:PA0058,
9,Output,N1521TT,,Thuận Thành,18AE-1234,N15,Other Waste,N1521,aaaaaaaaaaa,,aaaaaaaaaaa,Recycle,Nguy hại,Rác thuê xử lý,Paper contain Nylon ,Cân Thường,0,0.00,0,0.00,0.00,0.00,,0.00,28.60,0.00,28.60,20250408-F1-GIAO-TT-18AE1234-01,4/8/2025 1:07:23 PM,Ngô Viết Đàn - ID:PA0058,
10,Output,N1521TT,,Thuận Thành,18AE-1234,N15,Other Waste,N1521,aaaaaaaaaaa,,aaaaaaaaaaa,Recycle,Nguy hại,Rác thuê xử lý,Paper contain Nylon ,Cân Thường,0,0.00,0,0.00,0.00,0.00,,0.00,46.80,0.00,46.80,20250408-F1-GIAO-TT-18AE1234-01,4/8/2025 1:07:17 PM,Ngô Viết Đàn - ID:PA0058,
11,Output,N1521TT,,Thuận Thành,18AE-1234,N15,Other Waste,N1521,aaaaaaaaaaa,,aaaaaaaaaaa,Recycle,Nguy hại,Rác thuê xử lý,Paper contain Nylon ,Cân Thường,0,0.00,0,0.00,0.00,0.00,,0.00,180.00,0.00,180.00,20250408-F1-GIAO-TT-18AE1234-01,4/8/2025 1:06:35 PM,Ngô Viết Đàn - ID:PA0058,
12,Output,N15W2MSD,,Matsuda,18EA-9876,N15,Other Waste,N15W7,Đồng một mặt,Copper sheet single side,Copper sheet - singer side; Copper sheet B; Copper sheet - double side,Recycle,Tái chế,Rác bán lấy tiền,Recycle_Non_hazardous_Waste,Bao bì,0,0.00,0,0.00,1.50,0.00,,0.00,180.00,1.50,178.50,20250408-F1-GIAO-MSD-18EA9876-01,4/8/2025 1:04:42 PM,Ngô Viết Đàn - ID:PA0058,
13,Output,N15W2MSD,,Matsuda,18EA-9876,N15,Other Waste,N15W7,Đồng một mặt,Copper sheet single side,Copper sheet - singer side; Copper sheet B; Copper sheet - double side,Recycle,Tái chế,Rác bán lấy tiền,Recycle_Non_hazardous_Waste,Bao bì,0,0.00,0,0.00,1.50,0.00,,0.00,180.00,1.50,178.50,20250408-F1-GIAO-MSD-18EA9876-01,4/8/2025 1:04:29 PM,Ngô Viết Đàn - ID:PA0058,
14,Output,N03W12MSD,,Matsuda,18EA-9876,N03,Waste Metal,N03W12,Ag grain,Ag grain,Ag grain,Recycle,Tái chế,Rác bán lấy tiền,Recycle_Non_hazardous_Waste,Cân Thường,0,0.00,0,0.00,0.00,0.00,,0.00,180.00,0.00,180.00,20250408-F1-GIAO-MSD-18EA9876-01,4/8/2025 11:22:31 AM,Ngô Viết Đàn - ID:PA0058,
15,Output,S13W12MSD,,Matsuda,18EA-9876,S13,Other Hazardous Waste,S13W12,FPC chứa linh kiện,Sau SMT (Các thiết bị; bộ phận; linh kiện điện tử thải (trừ bản mạch điện tử không chứa các chi tiết có các thành phần nguy hại vượt ngưỡng CTNH)),FPC waste contain electronic componenets,Recycle,Nguy hại,Rác bán lấy tiền,Recycle_Special_Controlled_Waste,Bao bì,0,0.00,0,0.00,1.50,0.00,,0.00,180.00,1.50,178.50,20250408-F1-GIAO-MSD-18EA9876-01,4/8/2025 11:20:12 AM,Ngô Viết Đàn - ID:PA0058,
16,Output,S13W12MSD,,Matsuda,18EA-9876,S13,Other Hazardous Waste,S13W12,FPC chứa linh kiện,Sau SMT (Các thiết bị; bộ phận; linh kiện điện tử thải (trừ bản mạch điện tử không chứa các chi tiết có các thành phần nguy hại vượt ngưỡng CTNH)),FPC waste contain electronic componenets,Recycle,Nguy hại,Rác bán lấy tiền,Recycle_Special_Controlled_Waste,Bao bì,0,0.00,0,0.00,1.50,0.00,,0.00,180.00,1.50,178.50,20250408-F1-GIAO-MSD-18EA9876-01,4/8/2025 11:19:18 AM,Ngô Viết Đàn - ID:PA0058,
17,Output,S13W12MSD,,Matsuda,18EA-9876,S13,Other Hazardous Waste,S13W12,FPC chứa linh kiện,Sau SMT (Các thiết bị; bộ phận; linh kiện điện tử thải (trừ bản mạch điện tử không chứa các chi tiết có các thành phần nguy hại vượt ngưỡng CTNH)),FPC waste contain electronic componenets,Recycle,Nguy hại,Rác bán lấy tiền,Recycle_Special_Controlled_Waste,Bao bì,0,0.00,0,0.00,1.50,0.00,,0.00,180.00,1.50,178.50,20250408-F1-GIAO-MSD-18EA9876-01,4/8/2025 11:15:29 AM,Ngô Viết Đàn - ID:PA0058,
18,Output,S13W12MSD,,Matsuda,18EA-9876,S13,Other Hazardous Waste,S13W12,FPC chứa linh kiện,Sau SMT (Các thiết bị; bộ phận; linh kiện điện tử thải (trừ bản mạch điện tử không chứa các chi tiết có các thành phần nguy hại vượt ngưỡng CTNH)),FPC waste contain electronic componenets,Recycle,Nguy hại,Rác bán lấy tiền,Recycle_Special_Controlled_Waste,Bao bì,0,0.00,0,0.00,1.50,0.00,,0.00,180.00,1.50,178.50,20250408-F1-GIAO-MSD-18EA9876-01,4/8/2025 11:12:52 AM,Ngô Viết Đàn - ID:PA0058,
19,Output,S13W11MSD,,Matsuda,18EA-9876,S13,Other Hazardous Waste,S13W11,Filter chứa Pd,Chất hấp thụ; vật liệu lọc; giẻ lau; vải bảo vệ thải bị nhiễm thành phần nguy hại - Lõi lọc chứa Palladium,Pd - Containing Filter  ,Recycle,Nguy hại,Rác bán lấy tiền,Recycle_Special_Controlled_Waste,Cân từ trạm cân,0,0.00,0,0.00,0.00,0.00,,0.00,0.00,0.00,6.40,20250408-F1-GIAO-MSD-18EA9876-01,4/8/2025 8:32:09 AM,Ngô Viết Đàn - ID:PA0058,
20,Output,S13W10MSD,,Matsuda,18EA-9876,S13,Other Hazardous Waste,S13W10,Than hoạt tính chứa Pd,Than hoạt tính chứa Palladium,Pd - Activated carbon ,Recycle,Nguy hại,Rác bán lấy tiền,Recycle_Special_Controlled_Waste,Cân từ trạm cân,0,0.00,0,0.00,0.00,0.00,,0.00,0.00,0.00,13.60,20250408-F1-GIAO-MSD-18EA9876-01,4/8/2025 8:32:00 AM,Ngô Viết Đàn - ID:PA0058,
21,Output,S13W9MSD,,Matsuda,18EA-9876,S13,Other Hazardous Waste,S13W9,Filter chứa vàng,Chất hấp thụ; vật liệu lọc; giẻ lau; vải bảo vệ thải bị nhiễm thành phần nguy hại - Lõi lọc chứa Au,Au - Containing Filter  ,Recycle,Nguy hại,Rác bán lấy tiền,Recycle_Special_Controlled_Waste,Cân từ trạm cân,0,0.00,0,0.00,0.00,0.00,,0.00,0.00,0.00,13.50,20250408-F1-GIAO-MSD-18EA9876-01,4/8/2025 8:31:17 AM,Ngô Viết Đàn - ID:PA0058,
22,Output,N03W2TT,,Thuận Thành,18AE-1234,N03,Waste Metal,N03W2,Phế liệu sắt vụn,Steel scrap (Phế liệu sắt vụn),Iron scrap,Recycle,Tái chế,Rác bán lấy tiền,Recycle_Non_hazardous_Waste,Cân Thường,0,0.00,0,0.00,0.00,0.00,,0.00,65.20,0.00,65.20,20250404-F1-GIAO-TT-18AE1234-02,4/4/2025 4:06:43 PM,Ngô Viết Đàn - ID:PA0058,
23,Output,N03W2TT,,Thuận Thành,18AE-1234,N03,Waste Metal,N03W2,Phế liệu sắt vụn,Steel scrap (Phế liệu sắt vụn),Iron scrap,Recycle,Tái chế,Rác bán lấy tiền,Recycle_Non_hazardous_Waste,Cân Thường,0,0.00,0,0.00,0.00,0.00,,0.00,65.70,0.00,65.70,20250404-F1-GIAO-TT-18AE1234-02,4/4/2025 4:06:36 PM,Ngô Viết Đàn - ID:PA0058,
24,Output,N03W2TT,,Thuận Thành,18AE-1234,N03,Waste Metal,N03W2,Phế liệu sắt vụn,Steel scrap (Phế liệu sắt vụn),Iron scrap,Recycle,Tái chế,Rác bán lấy tiền,Recycle_Non_hazardous_Waste,Cân Thường,0,0.00,0,0.00,0.00,0.00,,0.00,66.00,0.00,66.00,20250404-F1-GIAO-TT-18AE1234-02,4/4/2025 4:06:32 PM,Ngô Viết Đàn - ID:PA0058,
25,Output,N03W2TT,,Thuận Thành,18AE-1234,N03,Waste Metal,N03W2,Phế liệu sắt vụn,Steel scrap (Phế liệu sắt vụn),Iron scrap,Recycle,Tái chế,Rác bán lấy tiền,Recycle_Non_hazardous_Waste,Cân Thường,0,0.00,0,0.00,0.00,0.00,,0.00,65.90,0.00,65.90,20250404-F1-GIAO-TT-18AE1234-02,4/4/2025 4:06:26 PM,Ngô Viết Đàn - ID:PA0058,
26,Output,N03W2TT,,Thuận Thành,18AE-1234,N03,Waste Metal,N03W2,Phế liệu sắt vụn,Steel scrap (Phế liệu sắt vụn),Iron scrap,Recycle,Tái chế,Rác bán lấy tiền,Recycle_Non_hazardous_Waste,Cân Thường,0,0.00,0,0.00,0.00,0.00,,0.00,65.80,0.00,65.80,20250404-F1-GIAO-TT-18AE1234-02,4/4/2025 4:06:21 PM,Ngô Viết Đàn - ID:PA0058,
27,Output,N03W2TT,,Thuận Thành,18AE-1234,N03,Waste Metal,N03W2,Phế liệu sắt vụn,Steel scrap (Phế liệu sắt vụn),Iron scrap,Recycle,Tái chế,Rác bán lấy tiền,Recycle_Non_hazardous_Waste,Cân Thường,0,0.00,0,0.00,0.00,0.00,,0.00,65.50,0.00,65.50,20250404-F1-GIAO-TT-18AE1234-02,4/4/2025 4:05:20 PM,Ngô Viết Đàn - ID:PA0058,
28,Output,N03W2TT,,Thuận Thành,18AE-1234,N03,Waste Metal,N03W2,Phế liệu sắt vụn,Steel scrap (Phế liệu sắt vụn),Iron scrap,Recycle,Tái chế,Rác bán lấy tiền,Recycle_Non_hazardous_Waste,Cân Thường,0,0.00,0,0.00,0.00,0.00,,0.00,65.20,0.00,65.20,20250404-F1-GIAO-TT-18AE1234-02,4/4/2025 4:01:41 PM,Ngô Viết Đàn - ID:PA0058,
29,Output,N03W2TT,,Thuận Thành,18AE-1234,N03,Waste Metal,N03W2,Phế liệu sắt vụn,Steel scrap (Phế liệu sắt vụn),Iron scrap,Recycle,Tái chế,Rác bán lấy tiền,Recycle_Non_hazardous_Waste,Cân Thường,0,0.00,0,0.00,0.00,0.00,,0.00,65.10,0.00,65.10,20250404-F1-GIAO-TT-18AE1234-02,4/4/2025 4:01:09 PM,Ngô Viết Đàn - ID:PA0058,
30,Output,N03W2TT,,Thuận Thành,18AE-1234,N03,Waste Metal,N03W2,Phế liệu sắt vụn,Steel scrap (Phế liệu sắt vụn),Iron scrap,Recycle,Tái chế,Rác bán lấy tiền,Recycle_Non_hazardous_Waste,Cân Thường,0,0.00,0,0.00,0.00,0.00,,0.00,65.60,0.00,65.60,20250404-F1-GIAO-TT-18AE1234-02,4/4/2025 4:01:06 PM,Ngô Viết Đàn - ID:PA0058,
31,Output,N03W2TT,,Thuận Thành,18AE-1234,N03,Waste Metal,N03W2,Phế liệu sắt vụn,Steel scrap (Phế liệu sắt vụn),Iron scrap,Recycle,Tái chế,Rác bán lấy tiền,Recycle_Non_hazardous_Waste,Cân Thường,0,0.00,0,0.00,0.00,0.00,,0.00,66.00,0.00,66.00,20250404-F1-GIAO-TT-18AE1234-02,4/4/2025 4:00:45 PM,Ngô Viết Đàn - ID:PA0058,
32,Output,N03W2TT,,Thuận Thành,18AE-1234,N03,Waste Metal,N03W2,Phế liệu sắt vụn,Steel scrap (Phế liệu sắt vụn),Iron scrap,Recycle,Tái chế,Rác bán lấy tiền,Recycle_Non_hazardous_Waste,Cân Thường,0,0.00,0,0.00,0.00,0.00,,0.00,65.50,0.00,65.50,20250404-F1-GIAO-TT-18AE1234-02,4/4/2025 3:56:30 PM,Ngô Viết Đàn - ID:PA0058,
33,Output,N03W2TT,,Thuận Thành,18AE-1234,N03,Waste Metal,N03W2,Phế liệu sắt vụn,Steel scrap (Phế liệu sắt vụn),Iron scrap,Recycle,Tái chế,Rác bán lấy tiền,Recycle_Non_hazardous_Waste,Cân Thường,0,0.00,0,0.00,0.00,0.00,,0.00,65.10,0.00,65.10,20250404-F1-GIAO-TT-18AE1234-02,4/4/2025 3:56:12 PM,Ngô Viết Đàn - ID:PA0058,
34,Output,N03W2TT,,Thuận Thành,18AE-1234,N03,Waste Metal,N03W2,Phế liệu sắt vụn,Steel scrap (Phế liệu sắt vụn),Iron scrap,Recycle,Tái chế,Rác bán lấy tiền,Recycle_Non_hazardous_Waste,Cân Thường,0,0.00,0,0.00,0.00,0.00,,0.00,65.90,0.00,65.90,20250404-F1-GIAO-TT-18AE1234-02,4/4/2025 3:56:08 PM,Ngô Viết Đàn - ID:PA0058,
35,Output,N03W2TT,,Thuận Thành,18AE-1234,N03,Waste Metal,N03W2,Phế liệu sắt vụn,Steel scrap (Phế liệu sắt vụn),Iron scrap,Recycle,Tái chế,Rác bán lấy tiền,Recycle_Non_hazardous_Waste,Cân Thường,0,0.00,0,0.00,0.00,0.00,,0.00,65.50,0.00,65.50,20250404-F1-GIAO-TT-18AE1234-02,4/4/2025 3:56:05 PM,Ngô Viết Đàn - ID:PA0058,
36,Output,N03W2TT,,Thuận Thành,18AE-1234,N03,Waste Metal,N03W2,Phế liệu sắt vụn,Steel scrap (Phế liệu sắt vụn),Iron scrap,Recycle,Tái chế,Rác bán lấy tiền,Recycle_Non_hazardous_Waste,Cân Thường,0,0.00,0,0.00,0.00,0.00,,0.00,65.90,0.00,65.90,20250404-F1-GIAO-TT-18AE1234-02,4/4/2025 3:56:03 PM,Ngô Viết Đàn - ID:PA0058,
37,Output,N03W2TT,,Thuận Thành,18AE-1234,N03,Waste Metal,N03W2,Phế liệu sắt vụn,Steel scrap (Phế liệu sắt vụn),Iron scrap,Recycle,Tái chế,Rác bán lấy tiền,Recycle_Non_hazardous_Waste,Cân Thường,0,0.00,0,0.00,0.00,0.00,,0.00,65.10,0.00,65.10,20250404-F1-GIAO-TT-18AE1234-02,4/4/2025 3:56:00 PM,Ngô Viết Đàn - ID:PA0058,
38,Output,N03W2TT,,Thuận Thành,18AE-1234,N03,Waste Metal,N03W2,Phế liệu sắt vụn,Steel scrap (Phế liệu sắt vụn),Iron scrap,Recycle,Tái chế,Rác bán lấy tiền,Recycle_Non_hazardous_Waste,Cân Thường,0,0.00,0,0.00,0.00,0.00,,0.00,65.80,0.00,65.80,20250404-F1-GIAO-TT-18AE1234-02,4/4/2025 3:55:56 PM,Ngô Viết Đàn - ID:PA0058,
39,Input,N01W2F6SF,F6-Smart Factory,,,N01,Waste Plastic,N01W2,Nhựa PVC,White C Plastic ( Phế liệu nhựa loại 5),Material roll by PVC plastic,Recycle,Tái chế,Rác bán lấy tiền,Recycle_Non_hazardous_Waste,Cân Thường,0,0.00,0,0.00,0.00,0.00,,0.00,65.40,0.00,65.40,20250404-F1-NHAN,4/4/2025 3:54:18 PM,Ngô Viết Đàn - ID:PA0058,
40,Input,N01W2F6SF,F6-Smart Factory,,,N01,Waste Plastic,N01W2,Nhựa PVC,White C Plastic ( Phế liệu nhựa loại 5),Material roll by PVC plastic,Recycle,Tái chế,Rác bán lấy tiền,Recycle_Non_hazardous_Waste,Cân Thường,0,0.00,0,0.00,0.00,0.00,,0.00,65.20,0.00,65.20,20250404-F1-NHAN,4/4/2025 3:53:55 PM,Ngô Viết Đàn - ID:PA0058,
41,Input,N01W2F6SF,F6-Smart Factory,,,N01,Waste Plastic,N01W2,Nhựa PVC,White C Plastic ( Phế liệu nhựa loại 5),Material roll by PVC plastic,Recycle,Tái chế,Rác bán lấy tiền,Recycle_Non_hazardous_Waste,Cân Thường,0,0.00,0,0.00,0.00,0.00,,0.00,65.00,0.00,65.00,20250404-F1-NHAN,4/4/2025 3:53:53 PM,Ngô Viết Đàn - ID:PA0058,
42,Input,N01W2F6SF,F6-Smart Factory,,,N01,Waste Plastic,N01W2,Nhựa PVC,White C Plastic ( Phế liệu nhựa loại 5),Material roll by PVC plastic,Recycle,Tái chế,Rác bán lấy tiền,Recycle_Non_hazardous_Waste,Cân Thường,0,0.00,0,0.00,0.00,0.00,,0.00,65.70,0.00,65.70,20250404-F1-NHAN,4/4/2025 3:53:50 PM,Ngô Viết Đàn - ID:PA0058,
43,Input,N01W2F6SF,F6-Smart Factory,,,N01,Waste Plastic,N01W2,Nhựa PVC,White C Plastic ( Phế liệu nhựa loại 5),Material roll by PVC plastic,Recycle,Tái chế,Rác bán lấy tiền,Recycle_Non_hazardous_Waste,Cân Thường,0,0.00,0,0.00,0.00,0.00,,0.00,65.20,0.00,65.20,20250404-F1-NHAN,4/4/2025 3:53:46 PM,Ngô Viết Đàn - ID:PA0058,
44,Input,N01W2F6SF,F6-Smart Factory,,,N01,Waste Plastic,N01W2,Nhựa PVC,White C Plastic ( Phế liệu nhựa loại 5),Material roll by PVC plastic,Recycle,Tái chế,Rác bán lấy tiền,Recycle_Non_hazardous_Waste,Cân Thường,0,0.00,0,0.00,0.00,0.00,,0.00,65.50,0.00,65.50,20250404-F1-NHAN,4/4/2025 3:53:33 PM,Ngô Viết Đàn - ID:PA0058,
45,Input,N01W2F6SF,F6-Smart Factory,,,N01,Waste Plastic,N01W2,Nhựa PVC,White C Plastic ( Phế liệu nhựa loại 5),Material roll by PVC plastic,Recycle,Tái chế,Rác bán lấy tiền,Recycle_Non_hazardous_Waste,Cân Thường,0,0.00,0,0.00,0.00,0.00,,0.00,65.90,0.00,65.90,20250404-F1-NHAN,4/4/2025 3:53:24 PM,Ngô Viết Đàn - ID:PA0058,
46,Input,N01W2F6SF,F6-Smart Factory,,,N01,Waste Plastic,N01W2,Nhựa PVC,White C Plastic ( Phế liệu nhựa loại 5),Material roll by PVC plastic,Recycle,Tái chế,Rác bán lấy tiền,Recycle_Non_hazardous_Waste,Cân Thường,0,0.00,0,0.00,0.00,0.00,,0.00,65.30,0.00,65.30,20250404-F1-NHAN,4/4/2025 3:50:28 PM,Ngô Viết Đàn - ID:PA0058,
47,Input,N01W2F6SF,F6-Smart Factory,,,N01,Waste Plastic,N01W2,Nhựa PVC,White C Plastic ( Phế liệu nhựa loại 5),Material roll by PVC plastic,Recycle,Tái chế,Rác bán lấy tiền,Recycle_Non_hazardous_Waste,Cân Thường,0,0.00,0,0.00,0.00,0.00,,0.00,65.20,0.00,65.20,20250404-F1-NHAN,4/4/2025 3:50:25 PM,Ngô Viết Đàn - ID:PA0058,
48,Input,N01W2F6SF,F6-Smart Factory,,,N01,Waste Plastic,N01W2,Nhựa PVC,White C Plastic ( Phế liệu nhựa loại 5),Material roll by PVC plastic,Recycle,Tái chế,Rác bán lấy tiền,Recycle_Non_hazardous_Waste,Cân Thường,0,0.00,0,0.00,0.00,0.00,,0.00,65.90,0.00,65.90,20250404-F1-NHAN,4/4/2025 3:50:21 PM,Ngô Viết Đàn - ID:PA0058,
49,Input,N01W2F6SF,F6-Smart Factory,,,N01,Waste Plastic,N01W2,Nhựa PVC,White C Plastic ( Phế liệu nhựa loại 5),Material roll by PVC plastic,Recycle,Tái chế,Rác bán lấy tiền,Recycle_Non_hazardous_Waste,Cân Thường,0,0.00,0,0.00,0.00,0.00,,0.00,65.60,0.00,65.60,20250404-F1-NHAN,4/4/2025 3:50:16 PM,Ngô Viết Đàn - ID:PA0058,
50,Input,N01W2F6SF,F6-Smart Factory,,,N01,Waste Plastic,N01W2,Nhựa PVC,White C Plastic ( Phế liệu nhựa loại 5),Material roll by PVC plastic,Recycle,Tái chế,Rác bán lấy tiền,Recycle_Non_hazardous_Waste,Cân Thường,0,0.00,0,0.00,0.00,0.00,,0.00,65.30,0.00,65.30,20250404-F1-NHAN,4/4/2025 3:50:11 PM,Ngô Viết Đàn - ID:PA0058,
51,Input,N01W2F6SF,F6-Smart Factory,,,N01,Waste Plastic,N01W2,Nhựa PVC,White C Plastic ( Phế liệu nhựa loại 5),Material roll by PVC plastic,Recycle,Tái chế,Rác bán lấy tiền,Recycle_Non_hazardous_Waste,Cân Thường,0,0.00,0,0.00,0.00,0.00,,0.00,65.20,0.00,65.20,20250404-F1-NHAN,4/4/2025 3:50:07 PM,Ngô Viết Đàn - ID:PA0058,
52,Output,S13W16TT,,Thuận Thành,18AE-1234,S13,Other Hazardous Waste,S13W16,CFC; HCFC; HFC thải,Các chất CFC; HCFC; HFC thải,CFC; HCFC; HFC waste,Incineration without WtE,Nguy hại,Rác thuê xử lý,Other special control waste,Cân từ trạm cân,0,0.00,0,0.00,0.00,0.00,,0.00,0.00,0.00,67657.00,20250404-F1-GIAO-TT-18AE1234-02,4/4/2025 3:44:00 PM,Ngô Viết Đàn - ID:PA0058,
53,Output,N1521TL,,Thăng Long,17M7-6429,N15,Other Waste,N1521,aaaaaaaaaaa,,aaaaaaaaaaa,Recycle,Nguy hại,Rác thuê xử lý,Paper contain Nylon ,Cân xe đẩy,0,0.00,0,0.00,50.00,0.00,,0.00,69.90,50.00,19.90,20250404-F1-GIAO-TL-17M76429-01,4/4/2025 3:43:08 PM,Ngô Viết Đàn - ID:PA0058,
54,Output,M01W3TT,,Thuận Thành,18AE-1234,M01,Household Waste,M01W3,Thông tắc,Thông tắc đường ống nước thải,Unclog drain pipes,Recycle,Không nguy hại; không tái chế,Rác thuê xử lý,Recycle_Special_Controlled_Waste,Cân từ trạm cân,0,0.00,0,0.00,0.00,0.00,,0.00,0.00,0.00,89.00,20250404-F1-GIAO-TT-18AE1234-02,4/4/2025 3:41:46 PM,Ngô Viết Đàn - ID:PA0058,
55,Output,S13W13TT,,Thuận Thành,18AE-1234,S13,Other Hazardous Waste,S13W13,Thiết bị;linh kiện thải,Các thiết bị; bộ phận; linh kiện điện tử thải (trừ bản mạch điện tử không chứa các thành phần nguy hại vượt ngưỡng CTNH),Waste equipment and components with hazardous substance,Recycle,Nguy hại,Rác thuê xử lý,Recycle_Special_Controlled_Waste,Bao bì,0,0.00,0,0.00,2.00,0.00,,0.00,24.70,2.00,22.70,20250404-F1-GIAO-TT-18AE1234-02,4/4/2025 3:00:58 PM,Ngô Viết Đàn - ID:PA0058,
56,Output,S13W10MSD,,Matsuda,18EA-9876,S13,Other Hazardous Waste,S13W10,Than hoạt tính chứa Pd,Than hoạt tính chứa Palladium,Pd - Activated carbon ,Recycle,Nguy hại,Rác bán lấy tiền,Recycle_Special_Controlled_Waste,Cân từ trạm cân,0,0.00,0,0.00,0.00,0.00,,0.00,0.00,0.00,1323.00,20250404-F1-GIAO-MSD-18EA9876-01,4/4/2025 2:57:19 PM,Ngô Viết Đàn - ID:PA0058,
57,Input,N14W3F1MQC,F1-MQC,,,N14,Mixed Non recyclable Waste,N14W3,Rác công nghiệp,,Non-toxic (others),Incineration with WtE,Không nguy hại; không tái chế,Rác thuê xử lý,Non-toxic (others),Cân Thường,0,0.00,0,0.00,0.00,0.00,,0.00,180.00,0.00,180.00,20250404-F1-NHAN,4/4/2025 2:25:52 PM,Ngô Viết Đàn - ID:PA0058,
58,Output,S08W1TTP,,Tân Thuận Phong,19DS-3243,S08,Cu containing Waste,S08W1,Bùn hữu cơ ,Bùn hữu cơ từ hệ thống xử lý nước thải dây truyền mạ,Organic sludge from Waste water treatment system (HW code: 12 06 06),Recycle,Nguy hại,Rác thuê xử lý,Recycle_Special_Controlled_Waste,Bao bì,0,0.00,0,0.00,2.00,0.00,,0.00,180.00,2.00,178.00,20250404-F1-GIAO-TTP-19DS3243-01,4/4/2025 11:22:21 AM,Ngô Viết Đàn - ID:PA0058,
59,Output,S12W1TTP,,Tân Thuận Phong,19DS-3243,S12,Waste Alkaline,S12W1,Lonox 5314; 5611,Nước thải bazo ( Lonox 5314; 5611),Pickling bases (Lonox 5314; 5611)(HW code: 07 01 03),Recycle,Nguy hại,Rác thuê xử lý,Recycle_Special_Controlled_Waste,Thùng phuy và pallet,0,0.00,2,11.00,58.00,0.00,,0.00,180.00,80.00,100.00,20250404-F1-GIAO-TTP-19DS3243-01,4/4/2025 10:17:11 AM,Ngô Viết Đàn - ID:PA0058,
60,Output,S13W5TT,,Thuận Thành,18AE-1234,S13,Other Hazardous Waste,S13W5,Bao bì nhựa thải,Bao bì cứng bằng nhựa thải,Hard packaging made of plastic (HW code: 18 01 03),Recycle,Nguy hại,Rác thuê xử lý,Recycle_Special_Controlled_Waste,Cân đếm,0,0.00,5,0.00,0.00,0.00,,0.00,900.00,0.00,900.00,20250404-F1-GIAO-TT-18AE1234-01,4/4/2025 9:28:43 AM,Ngô Viết Đàn - ID:PA0058,
61,Input,N01W1F1MIC,F1-Micro,,,N01,Waste Plastic,N01W1,Nhựa PP (nilon),White P plastic ( Phế liệu nhựa loại 6),Protected film from DFR roll,Recycle,Tái chế,Rác bán lấy tiền,Recycle_Non_hazardous_Waste,Cân đếm,0,0.00,2,0.00,0.00,0.00,,0.00,360.00,0.00,360.00,20250403-F1-NHAN,4/3/2025 4:56:28 PM,Ngô Viết Đàn - ID:PA0058. ,
62,Output,S12W1TT,,Thuận Thành,18AE-1234,S12,Waste Alkaline,S12W1,Lonox 5314; 5611,Nước thải bazo ( Lonox 5314; 5611),Pickling bases (Lonox 5314; 5611)(HW code: 07 01 03),Recycle,Nguy hại,Rác thuê xử lý,Recycle_Special_Controlled_Waste,Thùng phuy và pallet,0,0.00,3,11.00,58.00,0.00,,0.00,180.00,91.00,89.00,20250327-F1-GIAO-TT-18AE1234-02,3/27/2025 4:16:39 PM,Ngô Viết Đàn,
63,Output,S12W1TT,,Thuận Thành,18AE-1234,S12,Waste Alkaline,S12W1,Lonox 5314; 5611,Nước thải bazo ( Lonox 5314; 5611),Pickling bases (Lonox 5314; 5611)(HW code: 07 01 03),Recycle,Nguy hại,Rác thuê xử lý,Recycle_Special_Controlled_Waste,Thùng phuy và pallet,0,0.00,2,11.00,58.00,0.00,,0.00,180.00,80.00,100.00,20250327-F1-GIAO-TT-18AE1234-02,3/27/2025 4:16:25 PM,Ngô Viết Đàn,
64,Input,N01W11F1BNA,F1-SMT BNA,,,N01,Waste Plastic,N01W11,Plastic tray,,Plastic tray,Internal Reuse 2,Tái chế,Rác bán lấy tiền,In_Non_hazardous_Waste,Cân Thường,0,0.00,0,0.00,0.00,0.00,,0.00,180.00,0.00,180.00,20250327-F1-NHAN,3/27/2025 4:13:55 PM,Ngô Viết Đàn,
65,Input,N01W11F1BNA,F1-SMT BNA,,,N01,Waste Plastic,N01W11,Plastic tray,,Plastic tray,Internal Reuse 2,Tái chế,Rác bán lấy tiền,In_Non_hazardous_Waste,Cân Thường,0,0.00,0,0.00,0.00,0.00,,0.00,180.00,0.00,180.00,20250327-F1-NHAN,3/27/2025 4:13:40 PM,Ngô Viết Đàn,
66,Input,N01W11F1BNA,F1-SMT BNA,,,N01,Waste Plastic,N01W11,Plastic tray,,Plastic tray,Internal Reuse 2,Tái chế,Rác bán lấy tiền,In_Non_hazardous_Waste,Cân Thường,0,0.00,0,0.00,0.00,0.00,,0.00,180.00,0.00,180.00,20250327-F1-NHAN,3/27/2025 4:13:21 PM,Ngô Viết Đàn,
67,Output,M01W2TT,,Thuận Thành,18AE-1234,M01,Household Waste,M01W2,Hút bể phốt,Bùn từ hệ thống xử lý nước thải sinh hoạt; bể phốt; bể mỡ,Sludge from domestic wastewater treatment systems; septic tanks; grease traps,Recycle,Không nguy hại; không tái chế,Rác thuê xử lý,Recycle_Special_Controlled_Waste,Cân từ trạm cân,0,0.00,0,0.00,0.00,0.00,,0.00,0.00,0.00,44545.45,20250327-F1-GIAO-TT-18AE1234-01,3/27/2025 3:23:52 PM,Ngô Viết Đàn,
68,Input,N01W12F1WWT,F1-WWT,,,N01,Waste Plastic,N01W12,Plastic pallet,,Plastic pallet,Internal Reuse 3,Tái chế,Rác bán lấy tiền,In_Non_hazardous_Waste,Cân Thường,0,0.00,0,0.00,0.00,0.00,,0.00,180.00,0.00,180.00,20250327-F1-NHAN,3/27/2025 2:57:23 PM,Ngô Viết Đàn,
69,Output,N02W5TL,,Thăng Long,17M7-6429,N02,Waste Paper,N02W5,Giấy trắng,White paper scrap (Phế liệu giấy loại 2) ,White paper ,Recycle,Tái chế,Rác bán lấy tiền,Recycle_Non_hazardous_Waste,Cân xe đẩy,0,0.00,0,0.00,45.00,0.00,,0.00,180.00,45.00,135.00,20250327-F1-GIAO-TL-17M76429-02,3/27/2025 2:57:07 PM,Ngô Viết Đàn,
70,Output,N02W5TL,,Thăng Long,17M7-6429,N02,Waste Paper,N02W5,Giấy trắng,White paper scrap (Phế liệu giấy loại 2) ,White paper ,Recycle,Tái chế,Rác bán lấy tiền,Recycle_Non_hazardous_Waste,Cân xe đẩy,0,0.00,0,0.00,45.00,0.00,,0.00,180.00,45.00,135.00,20250327-F1-GIAO-TL-17M76429-02,3/27/2025 2:57:04 PM,Ngô Viết Đàn,
71,Output,N02W5TL,,Thăng Long,17M7-6429,N02,Waste Paper,N02W5,Giấy trắng,White paper scrap (Phế liệu giấy loại 2) ,White paper ,Recycle,Tái chế,Rác bán lấy tiền,Recycle_Non_hazardous_Waste,Cân xe đẩy,0,0.00,0,0.00,45.00,0.00,,0.00,180.00,45.00,135.00,20250327-F1-GIAO-TL-17M76429-02,3/27/2025 2:57:01 PM,Ngô Viết Đàn,
72,Output,N02W5TL,,Thăng Long,17M7-6429,N02,Waste Paper,N02W5,Giấy trắng,White paper scrap (Phế liệu giấy loại 2) ,White paper ,Recycle,Tái chế,Rác bán lấy tiền,Recycle_Non_hazardous_Waste,Cân xe đẩy,0,0.00,0,0.00,45.00,0.00,,0.00,180.00,45.00,135.00,20250327-F1-GIAO-TL-17M76429-02,3/27/2025 2:56:59 PM,Ngô Viết Đàn,
73,Output,N02W5TL,,Thăng Long,17M7-6429,N02,Waste Paper,N02W5,Giấy trắng,White paper scrap (Phế liệu giấy loại 2) ,White paper ,Recycle,Tái chế,Rác bán lấy tiền,Recycle_Non_hazardous_Waste,Cân xe đẩy,0,0.00,0,0.00,45.00,0.00,,0.00,180.00,45.00,135.00,20250327-F1-GIAO-TL-17M76429-02,3/27/2025 2:56:56 PM,Ngô Viết Đàn,
74,Output,N02W5TL,,Thăng Long,17M7-6429,N02,Waste Paper,N02W5,Giấy trắng,White paper scrap (Phế liệu giấy loại 2) ,White paper ,Recycle,Tái chế,Rác bán lấy tiền,Recycle_Non_hazardous_Waste,Cân xe đẩy,0,0.00,0,0.00,45.00,0.00,,0.00,180.00,45.00,135.00,20250327-F1-GIAO-TL-17M76429-02,3/27/2025 2:56:54 PM,Ngô Viết Đàn,
75,Output,N02W5TL,,Thăng Long,17M7-6429,N02,Waste Paper,N02W5,Giấy trắng,White paper scrap (Phế liệu giấy loại 2) ,White paper ,Recycle,Tái chế,Rác bán lấy tiền,Recycle_Non_hazardous_Waste,Cân xe đẩy,0,0.00,0,0.00,45.00,0.00,,0.00,180.00,45.00,135.00,20250327-F1-GIAO-TL-17M76429-02,3/27/2025 2:56:50 PM,Ngô Viết Đàn,
76,Output,N02W5TL,,Thăng Long,17M7-6429,N02,Waste Paper,N02W5,Giấy trắng,White paper scrap (Phế liệu giấy loại 2) ,White paper ,Recycle,Tái chế,Rác bán lấy tiền,Recycle_Non_hazardous_Waste,Cân xe đẩy,0,0.00,0,0.00,45.00,0.00,,0.00,180.00,45.00,135.00,20250327-F1-GIAO-TL-17M76429-02,3/27/2025 2:56:47 PM,Ngô Viết Đàn,
77,Input,N01W1F1DEE,F1-DE,,,N01,Waste Plastic,N01W1,Nhựa PP (nilon),White P plastic ( Phế liệu nhựa loại 6),Protected film from DFR roll,Recycle,Tái chế,Rác bán lấy tiền,Recycle_Non_hazardous_Waste,Cân Thường,0,0.00,0,0.00,0.00,0.00,,0.00,180.00,0.00,180.00,20250327-F1-NHAN,3/27/2025 2:56:28 PM,Ngô Viết Đàn,
78,Input,N01W1F1DEE,F1-DE,,,N01,Waste Plastic,N01W1,Nhựa PP (nilon),White P plastic ( Phế liệu nhựa loại 6),Protected film from DFR roll,Recycle,Tái chế,Rác bán lấy tiền,Recycle_Non_hazardous_Waste,Cân Thường,0,0.00,0,0.00,0.00,0.00,,0.00,180.00,0.00,180.00,20250327-F1-NHAN,3/27/2025 2:56:19 PM,Ngô Viết Đàn,
79,Output,S13W1TTP,,Tân Thuận Phong,19DS-3243,S13,Other Hazardous Waste,S13W1,Giẻ lau; găng tay nguy hại,Chất hấp thụ; vật liệu lọc; giẻ lau; găng tay dính dầu mỡ; dính mực,Absorbents; filter materials; wiping cloths; protective clothing contaminated by dangerous substances (HW code: 18 02 01),Incineration without WtE,Nguy hại,Rác thuê xử lý,Other special control waste,Bao bì,0,0.00,0,0.00,2.00,0.00,,0.00,180.00,2.00,178.00,20250326-F1-GIAO-TTP-19DS3243-01,3/26/2025 12:41:56 PM,a,
80,Output,S13W1TTP,,Tân Thuận Phong,19DS-3243,S13,Other Hazardous Waste,S13W1,Giẻ lau; găng tay nguy hại,Chất hấp thụ; vật liệu lọc; giẻ lau; găng tay dính dầu mỡ; dính mực,Absorbents; filter materials; wiping cloths; protective clothing contaminated by dangerous substances (HW code: 18 02 01),Incineration without WtE,Nguy hại,Rác thuê xử lý,Other special control waste,Bao bì,0,0.00,0,0.00,2.00,0.00,,0.00,180.00,2.00,178.00,20250326-F1-GIAO-TTP-19DS3243-01,3/26/2025 12:41:52 PM,a,
81,Output,S13W1TTP,,Tân Thuận Phong,19DS-3243,S13,Other Hazardous Waste,S13W1,Giẻ lau; găng tay nguy hại,Chất hấp thụ; vật liệu lọc; giẻ lau; găng tay dính dầu mỡ; dính mực,Absorbents; filter materials; wiping cloths; protective clothing contaminated by dangerous substances (HW code: 18 02 01),Incineration without WtE,Nguy hại,Rác thuê xử lý,Other special control waste,Bao bì,0,0.00,0,0.00,2.00,0.00,,0.00,180.00,2.00,178.00,20250326-F1-GIAO-TTP-19DS3243-01,3/26/2025 12:41:49 PM,a,
82,Output,S13W1TTP,,Tân Thuận Phong,19DS-3243,S13,Other Hazardous Waste,S13W1,Giẻ lau; găng tay nguy hại,Chất hấp thụ; vật liệu lọc; giẻ lau; găng tay dính dầu mỡ; dính mực,Absorbents; filter materials; wiping cloths; protective clothing contaminated by dangerous substances (HW code: 18 02 01),Incineration without WtE,Nguy hại,Rác thuê xử lý,Other special control waste,Bao bì,0,0.00,0,0.00,2.00,0.00,,0.00,180.00,2.00,178.00,20250326-F1-GIAO-TTP-19DS3243-01,3/26/2025 12:41:46 PM,a,
83,Output,S13W1TTP,,Tân Thuận Phong,19DS-3243,S13,Other Hazardous Waste,S13W1,Giẻ lau; găng tay nguy hại,Chất hấp thụ; vật liệu lọc; giẻ lau; găng tay dính dầu mỡ; dính mực,Absorbents; filter materials; wiping cloths; protective clothing contaminated by dangerous substances (HW code: 18 02 01),Incineration without WtE,Nguy hại,Rác thuê xử lý,Other special control waste,Bao bì,0,0.00,0,0.00,2.00,0.00,,0.00,180.00,2.00,178.00,20250326-F1-GIAO-TTP-19DS3243-01,3/26/2025 12:41:38 PM,,
84,Output,S13W13TT,,Thuận Thành,18AE-1234,S13,Other Hazardous Waste,S13W13,Thiết bị;linh kiện thải,Các thiết bị; bộ phận; linh kiện điện tử thải (trừ bản mạch điện tử không chứa các thành phần nguy hại vượt ngưỡng CTNH),Waste equipment and components with hazardous substance,Recycle,Nguy hại,Rác thuê xử lý,Recycle_Special_Controlled_Waste,Bao bì,0,0.00,0,0.00,2.00,0.00,,0.00,180.00,2.00,178.00,20250326-F1-GIAO-TT-18AE1234-01,3/26/2025 12:39:03 PM,,
85,Output,S13W13TT,,Thuận Thành,18AE-1234,S13,Other Hazardous Waste,S13W13,Thiết bị;linh kiện thải,Các thiết bị; bộ phận; linh kiện điện tử thải (trừ bản mạch điện tử không chứa các thành phần nguy hại vượt ngưỡng CTNH),Waste equipment and components with hazardous substance,Recycle,Nguy hại,Rác thuê xử lý,Recycle_Special_Controlled_Waste,Bao bì,0,0.00,0,0.00,2.00,0.00,,0.00,180.00,2.00,178.00,20250326-F1-GIAO-TT-18AE1234-01,3/26/2025 12:37:32 PM,,
86,Output,S13W13TT,,Thuận Thành,18AE-1234,S13,Other Hazardous Waste,S13W13,Thiết bị;linh kiện thải,Các thiết bị; bộ phận; linh kiện điện tử thải (trừ bản mạch điện tử không chứa các thành phần nguy hại vượt ngưỡng CTNH),Waste equipment and components with hazardous substance,Recycle,Nguy hại,Rác thuê xử lý,Recycle_Special_Controlled_Waste,Bao bì,0,0.00,0,0.00,2.00,0.00,,0.00,180.00,2.00,178.00,20250326-F1-GIAO-TT-18AE1234-01,3/26/2025 12:37:09 PM,,
87,Output,S13W13TT,,Thuận Thành,18AE-1234,S13,Other Hazardous Waste,S13W13,Thiết bị;linh kiện thải,Các thiết bị; bộ phận; linh kiện điện tử thải (trừ bản mạch điện tử không chứa các thành phần nguy hại vượt ngưỡng CTNH),Waste equipment and components with hazardous substance,Recycle,Nguy hại,Rác thuê xử lý,Recycle_Special_Controlled_Waste,Bao bì,0,0.00,0,0.00,2.00,0.00,,0.00,180.00,2.00,178.00,20250326-F1-GIAO-TT-18AE1234-01,3/26/2025 12:36:10 PM,,
88,Output,S13W13TT,,Thuận Thành,18AE-1234,S13,Other Hazardous Waste,S13W13,Thiết bị;linh kiện thải,Các thiết bị; bộ phận; linh kiện điện tử thải (trừ bản mạch điện tử không chứa các thành phần nguy hại vượt ngưỡng CTNH),Waste equipment and components with hazardous substance,Recycle,Nguy hại,Rác thuê xử lý,Recycle_Special_Controlled_Waste,Bao bì,0,0.00,0,0.00,2.00,0.00,,0.00,180.00,2.00,178.00,20250326-F1-GIAO-TT-18AE1234-01,3/26/2025 12:36:06 PM,,
89,Output,S13W13TT,,Thuận Thành,18AE-1234,S13,Other Hazardous Waste,S13W13,Thiết bị;linh kiện thải,Các thiết bị; bộ phận; linh kiện điện tử thải (trừ bản mạch điện tử không chứa các thành phần nguy hại vượt ngưỡng CTNH),Waste equipment and components with hazardous substance,Recycle,Nguy hại,Rác thuê xử lý,Recycle_Special_Controlled_Waste,Bao bì,0,0.00,0,0.00,2.00,0.00,,0.00,180.00,2.00,178.00,20250326-F1-GIAO-TT-18AE1234-01,3/26/2025 11:46:33 AM,,
90,Output,S13W13TT,,Thuận Thành,18AE-1234,S13,Other Hazardous Waste,S13W13,Thiết bị;linh kiện thải,Các thiết bị; bộ phận; linh kiện điện tử thải (trừ bản mạch điện tử không chứa các thành phần nguy hại vượt ngưỡng CTNH),Waste equipment and components with hazardous substance,Recycle,Nguy hại,Rác thuê xử lý,Recycle_Special_Controlled_Waste,Bao bì,0,0.00,0,0.00,2.00,0.00,,0.00,180.00,2.00,178.00,20250326-F1-GIAO-TT-18AE1234-01,3/26/2025 11:45:53 AM,,
91,Output,S13W13TT,,Thuận Thành,18AE-1234,S13,Other Hazardous Waste,S13W13,Thiết bị;linh kiện thải,Các thiết bị; bộ phận; linh kiện điện tử thải (trừ bản mạch điện tử không chứa các thành phần nguy hại vượt ngưỡng CTNH),Waste equipment and components with hazardous substance,Recycle,Nguy hại,Rác thuê xử lý,Recycle_Special_Controlled_Waste,Bao bì,0,0.00,0,0.00,2.00,0.00,,0.00,180.00,2.00,178.00,20250326-F1-GIAO-TT-18AE1234-01,3/26/2025 11:38:36 AM,,
92,Output,N1521TL,,Thăng Long,17M7-6429,N15,Other Waste,N1521,aaaaaaaaaaa,,aaaaaaaaaaa,Recycle,Nguy hại,Rác thuê xử lý,Paper contain Nylon ,Cân xe đẩy,0,0.00,0,0.00,50.00,0.00,,0.00,98.70,50.00,48.70,20250319-F1-GIAO-TL-17M76429-01,3/19/2025 11:15:39 AM,,
93,Output,N1521TL,,Thăng Long,17M7-6429,N15,Other Waste,N1521,aaaaaaaaaaa,,aaaaaaaaaaa,Recycle,Nguy hại,Rác thuê xử lý,Paper contain Nylon ,Cân xe đẩy,0,0.00,0,0.00,50.00,0.00,,0.00,98.90,50.00,48.90,20250319-F1-GIAO-TL-17M76429-01,3/19/2025 11:15:09 AM,,
94,Input,S13W4F2UV2,F2-UV2,,,S13,Other Hazardous Waste,S13W4,Pin; ắc quy thải,Pin; ắc quy thải,Batteries waste ,Recycle,Nguy hại,Rác thuê xử lý,Recycle_Special_Controlled_Waste,Cân Thường,0,0.00,0,0.00,0.00,0.00,,0.00,33.90,0.00,33.90,20250319-F1-NHAN,3/19/2025 10:59:37 AM,,
95,Input,N01W3F1RGM,F1-RGO Manual,,,N01,Waste Plastic,N01W3,Nhựa màu,Color plastic scrap ( Phế liệu nhựa màu),Color plastic,Recycle,Tái chế,Rác bán lấy tiền,Recycle_Non_hazardous_Waste,Cân Thường,0,0.00,0,0.00,0.00,0.00,,0.00,33.80,0.00,33.80,20250319-F1-NHAN,3/19/2025 10:48:21 AM,,
96,Input,N01W3F1QCO,F1-QC OTHERS,,,N01,Waste Plastic,N01W3,Nhựa màu,Color plastic scrap ( Phế liệu nhựa màu),Color plastic,Recycle,Tái chế,Rác bán lấy tiền,Recycle_Non_hazardous_Waste,Cân Thường,0,0.00,0,0.00,0.00,0.00,,0.00,33.40,0.00,33.40,20250319-F1-NHAN,3/19/2025 10:46:03 AM,,
97,Input,N01W2F2NC2,F2-NCC,,,N01,Waste Plastic,N01W2,Nhựa PVC,White C Plastic ( Phế liệu nhựa loại 5),Material roll by PVC plastic,Recycle,Tái chế,Rác bán lấy tiền,Recycle_Non_hazardous_Waste,Cân Thường,0,0.00,0,0.00,0.00,0.00,,0.00,33.50,0.00,33.50,20250319-F1-NHAN,3/19/2025 10:45:52 AM,,
98,Input,N01W2F5STF,F5-Stiffener,,,N01,Waste Plastic,N01W2,Nhựa PVC,White C Plastic ( Phế liệu nhựa loại 5),Material roll by PVC plastic,Recycle,Tái chế,Rác bán lấy tiền,Recycle_Non_hazardous_Waste,Cân Thường,0,0.00,0,0.00,0.00,0.00,,0.00,33.40,0.00,33.40,20250319-F1-NHAN,3/19/2025 10:45:34 AM,,
99,Input,N01W1F5EXP,F5-Exposing,,,N01,Waste Plastic,N01W1,Nhựa PP (nilon),White P plastic ( Phế liệu nhựa loại 6),Protected film from DFR roll,Recycle,Tái chế,Rác bán lấy tiền,Recycle_Non_hazardous_Waste,Cân Thường,0,0.00,0,0.00,0.00,0.00,,0.00,33.60,0.00,33.60,20250319-F1-NHAN,3/19/2025 10:45:17 AM,,
100,Input,N01W1F5EXP,F5-Exposing,,,N01,Waste Plastic,N01W1,Nhựa PP (nilon),White P plastic ( Phế liệu nhựa loại 6),Protected film from DFR roll,Recycle,Tái chế,Rác bán lấy tiền,Recycle_Non_hazardous_Waste,Cân Thường,0,0.00,0,0.00,0.00,0.00,,0.00,24.90,0.00,24.90,20250319-F1-NHAN,3/19/2025 10:44:42 AM,,
101,Input,N01W1F5EXP,F5-Exposing,,,N01,Waste Plastic,N01W1,Nhựa PP (nilon),White P plastic ( Phế liệu nhựa loại 6),Protected film from DFR roll,Recycle,Tái chế,Rác bán lấy tiền,Recycle_Non_hazardous_Waste,Cân Thường,0,0.00,0,0.00,0.00,0.00,,0.00,24.20,0.00,24.20,20250319-F1-NHAN,3/19/2025 10:43:56 AM,,
102,Output,N1521TL,,Thăng Long,17M7-6429,N15,Other Waste,N1521,aaaaaaaaaaa,,aaaaaaaaaaa,Recycle,Nguy hại,Rác thuê xử lý,Paper contain Nylon ,Cân xe đẩy,0,0.00,0,0.00,50.00,0.00,,0.00,180.00,50.00,130.00,20250318-F6-GIAO-TL-17M76429,3/18/2025 3:00:16 PM,,
103,Output,N1521TL,,Thăng Long,17M7-6429,N15,Other Waste,N1521,aaaaaaaaaaa,,aaaaaaaaaaa,Recycle,Nguy hại,Rác thuê xử lý,Paper contain Nylon ,Cân xe đẩy,0,0.00,0,0.00,50.00,0.00,,0.00,180.00,50.00,130.00,20250318-F6-GIAO-TL-17M76429,3/18/2025 3:00:12 PM,,
104,Output,N1521TL,,Thăng Long,17M7-6429,N15,Other Waste,N1521,aaaaaaaaaaa,,aaaaaaaaaaa,Recycle,Nguy hại,Rác thuê xử lý,Paper contain Nylon ,Cân xe đẩy,0,0.00,0,0.00,50.00,0.00,,0.00,180.00,50.00,130.00,20250318-F6-GIAO-TL-17M76429,3/18/2025 3:00:09 PM,,
105,Output,N1521TL,,Thăng Long,17M7-6429,N15,Other Waste,N1521,aaaaaaaaaaa,,aaaaaaaaaaa,Recycle,Nguy hại,Rác thuê xử lý,Paper contain Nylon ,Cân xe đẩy,0,0.00,0,0.00,50.00,0.00,,0.00,180.00,50.00,130.00,20250318-F6-GIAO-TL-17M76429,3/18/2025 3:00:04 PM,,
106,Output,N1521TL,,Thăng Long,17M7-6429,N15,Other Waste,N1521,aaaaaaaaaaa,,aaaaaaaaaaa,Recycle,Nguy hại,Rác thuê xử lý,Paper contain Nylon ,Cân xe đẩy,0,0.00,0,0.00,50.00,0.00,,0.00,180.00,50.00,130.00,20250318-F6-GIAO-TL-17M76429,3/18/2025 3:00:01 PM,,
107,Output,N1521TL,,Thăng Long,17M7-6429,N15,Other Waste,N1521,aaaaaaaaaaa,,aaaaaaaaaaa,Recycle,Nguy hại,Rác thuê xử lý,Paper contain Nylon ,Cân xe đẩy,0,0.00,0,0.00,50.00,0.00,,0.00,180.00,50.00,130.00,20250318-F6-GIAO-TL-17M76429,3/18/2025 2:59:55 PM,,
108,Output,N1521TL,,Thăng Long,17M7-6429,N15,Other Waste,N1521,aaaaaaaaaaa,,aaaaaaaaaaa,Recycle,Nguy hại,Rác thuê xử lý,Paper contain Nylon ,Cân xe đẩy,0,0.00,0,0.00,50.00,0.00,,0.00,180.00,50.00,130.00,20250318-F6-GIAO-TL-17M76429,3/18/2025 2:59:51 PM,,
109,Output,N1521TL,,Thăng Long,17M7-6429,N15,Other Waste,N1521,aaaaaaaaaaa,,aaaaaaaaaaa,Recycle,Nguy hại,Rác thuê xử lý,Paper contain Nylon ,Cân xe đẩy,0,0.00,0,0.00,50.00,0.00,,0.00,180.00,50.00,130.00,20250318-F6-GIAO-TL-17M76429,3/18/2025 2:59:46 PM,,
110,Output,S12W1TTP,,Tân Thuận Phong,19DS-3243,S12,Waste Alkaline,S12W1,Lonox 5314; 5611,Nước thải bazo ( Lonox 5314; 5611),Pickling bases (Lonox 5314; 5611)(HW code: 07 01 03),Recycle,Nguy hại,Rác thuê xử lý,Recycle_Special_Controlled_Waste,Thùng phuy và pallet,0,0.00,2,11.00,58.00,0.00,,0.00,180.00,80.00,100.00,20250301-F1-GIAO-TTP-19DS3243-01,3/1/2025 7:47:32 AM,,
111,Output,S12W1TTP,,Tân Thuận Phong,19DS-3243,S12,Waste Alkaline,S12W1,Lonox 5314; 5611,Nước thải bazo ( Lonox 5314; 5611),Pickling bases (Lonox 5314; 5611)(HW code: 07 01 03),Recycle,Nguy hại,Rác thuê xử lý,Recycle_Special_Controlled_Waste,Thùng phuy và pallet,0,0.00,5,11.00,58.00,0.00,,0.00,180.00,113.00,67.00,20250301-F1-GIAO-TTP-19DS3243-01,3/1/2025 7:47:20 AM,,
112,Output,S12W1TTP,,Tân Thuận Phong,19DS-3243,S12,Waste Alkaline,S12W1,Lonox 5314; 5611,Nước thải bazo ( Lonox 5314; 5611),Pickling bases (Lonox 5314; 5611)(HW code: 07 01 03),Recycle,Nguy hại,Rác thuê xử lý,Recycle_Special_Controlled_Waste,Thùng phuy và pallet,0,0.00,2,11.00,58.00,0.00,,0.00,180.00,80.00,100.00,20250301-F1-GIAO-TTP-19DS3243-01,3/1/2025 7:45:55 AM,,
113,Output,S12W1TTP,,Tân Thuận Phong,19DS-3243,S12,Waste Alkaline,S12W1,Lonox 5314; 5611,Nước thải bazo ( Lonox 5314; 5611),Pickling bases (Lonox 5314; 5611)(HW code: 07 01 03),Recycle,Nguy hại,Rác thuê xử lý,Recycle_Special_Controlled_Waste,Thùng phuy và pallet,0,0.00,10,11.00,58.00,0.00,,0.00,180.00,168.00,12.00,20250301-F1-GIAO-TTP-19DS3243-01,3/1/2025 7:41:46 AM,,
114,Output,S12W1TTP,,Tân Thuận Phong,19DS-3243,S12,Waste Alkaline,S12W1,Lonox 5314; 5611,Nước thải bazo ( Lonox 5314; 5611),Pickling bases (Lonox 5314; 5611)(HW code: 07 01 03),Recycle,Nguy hại,Rác thuê xử lý,Recycle_Special_Controlled_Waste,Thùng phuy và pallet,0,0.00,3,11.00,58.00,0.00,,0.00,180.00,91.00,89.00,20250301-F1-GIAO-TTP-19DS3243-01,3/1/2025 7:37:51 AM,,
115,Output,N02W2TL,,Thăng Long,17M7-6429,N02,Waste Paper,N02W2,Phế liệu ống carton, Carton core scrap (Phế liệu ống giấy), Carton core ,Recycle,Tái chế,Rác bán lấy tiền,Recycle_Non_hazardous_Waste,Cân xe đẩy,0,0.00,0,0.00,45.00,0.00,,0.00,180.00,45.00,135.00,20250301-F1-GIAO-TL-17M76429-01,3/1/2025 6:46:29 AM,,
116,Output,N02W1TL,,Thăng Long,17M7-6429,N02,Waste Paper,N02W1,Bìa giấy carton,Carton paper scrap (Phế liệu bìa giấy), Carton paper ,Recycle,Tái chế,Rác bán lấy tiền,Recycle_Non_hazardous_Waste,Cân xe đẩy,0,0.00,0,0.00,45.00,0.00,,0.00,180.00,45.00,135.00,20250301-F1-GIAO-TL-17M76429-01,3/1/2025 6:44:16 AM,,
117,Output,N02W1TL,,Thăng Long,17M7-6429,N02,Waste Paper,N02W1,Bìa giấy carton,Carton paper scrap (Phế liệu bìa giấy), Carton paper ,Recycle,Tái chế,Rác bán lấy tiền,Recycle_Non_hazardous_Waste,Cân xe đẩy,0,0.00,0,0.00,45.00,0.00,,0.00,180.00,45.00,135.00,20250301-F1-GIAO-TL-17M76429-01,3/1/2025 6:41:21 AM,,
118,Output,N02W1TL,,Thăng Long,17M7-6429,N02,Waste Paper,N02W1,Bìa giấy carton,Carton paper scrap (Phế liệu bìa giấy), Carton paper ,Recycle,Tái chế,Rác bán lấy tiền,Recycle_Non_hazardous_Waste,Cân xe đẩy,0,0.00,0,0.00,45.00,0.00,,0.00,180.00,45.00,135.00,20250301-F1-GIAO-TL-17M76429-01,3/1/2025 6:39:42 AM,,
119,Output,N02W1TL,,Thăng Long,17M7-6429,N02,Waste Paper,N02W1,Bìa giấy carton,Carton paper scrap (Phế liệu bìa giấy), Carton paper ,Recycle,Tái chế,Rác bán lấy tiền,Recycle_Non_hazardous_Waste,Cân xe đẩy,0,0.00,0,0.00,45.00,0.00,,0.00,180.00,45.00,135.00,20250301-F1-GIAO-TL-17M76429-01,3/1/2025 6:36:58 AM,,
120,Output,S08W2TTP,,Tân Thuận Phong,19DS-3243,S08,Cu containing Waste,S08W2,Bùn chứa H2O2,Bùn xử lý nước thải chứa H2O2,The sludge contain H2O2 from Waste water treatment system (HW code: 12 06 06),Recycle,Nguy hại,Rác thuê xử lý,Recycle_Special_Controlled_Waste,Bao bì,0,0.00,0,0.00,2.00,0.00,,0.00,180.00,2.00,178.00,20250301-F1-GIAO-TTP-19DS3243-01,3/1/2025 5:23:30 AM,,
121,Output,N02W4TL,,Thăng Long,17M7-6429,N02,Waste Paper,N02W4,Giấy CL,CL paper scrap (Phế liệu giấy loại 1),Paper from CL press process,Recycle,Tái chế,Rác bán lấy tiền,Recycle_Non_hazardous_Waste,Cân xe đẩy,0,0.00,0,0.00,45.00,0.00,,0.00,180.00,45.00,135.00,20250301-F1-GIAO-TL-17M76429-01,3/1/2025 5:20:06 AM,,
122,Output,N02W4TL,,Thăng Long,17M7-6429,N02,Waste Paper,N02W4,Giấy CL,CL paper scrap (Phế liệu giấy loại 1),Paper from CL press process,Recycle,Tái chế,Rác bán lấy tiền,Recycle_Non_hazardous_Waste,Cân xe đẩy,0,0.00,0,0.00,45.00,0.00,,0.00,180.00,45.00,135.00,20250301-F1-GIAO-TL-17M76429-01,3/1/2025 5:20:01 AM,,
123,Input,N01W2F1MIC,F1-Micro,,,N01,Waste Plastic,N01W2,Nhựa PVC,White C Plastic ( Phế liệu nhựa loại 5),Material roll by PVC plastic,Recycle,Tái chế,Rác bán lấy tiền,Recycle_Non_hazardous_Waste,Cân Thường,0,0.00,0,0.00,0.00,0.00,,0.00,180.00,0.00,180.00,20250224-F1-NHAN,2/24/2025 4:46:25 PM,,
124,Input,N01W2F1CLT,F1-CL TACK,,,N01,Waste Plastic,N01W2,Nhựa PVC,White C Plastic ( Phế liệu nhựa loại 5),Material roll by PVC plastic,Recycle,Tái chế,Rác bán lấy tiền,Recycle_Non_hazardous_Waste,Cân Thường,0,0.00,0,0.00,0.00,0.00,,0.00,180.00,0.00,180.00,20250224-F1-NHAN,2/24/2025 4:42:13 PM,,
125,Input,N01W2F1CLT,F1-CL TACK,,,N01,Waste Plastic,N01W2,Nhựa PVC,White C Plastic ( Phế liệu nhựa loại 5),Material roll by PVC plastic,Recycle,Tái chế,Rác bán lấy tiền,Recycle_Non_hazardous_Waste,Cân Thường,0,0.00,0,0.00,0.00,0.00,,0.00,180.00,0.00,180.00,20250224-F1-NHAN,2/24/2025 4:40:52 PM,,
126,Input,N01W3F5BNA,F5-SMT BNA,,,N01,Waste Plastic,N01W3,Nhựa màu,Color plastic scrap ( Phế liệu nhựa màu),Color plastic,Recycle,Tái chế,Rác bán lấy tiền,Recycle_Non_hazardous_Waste,Cân Thường,0,0.00,0,0.00,0.00,0.00,,0.00,24.60,0.00,24.60,20250221-F1-NHAN,2/21/2025 2:38:22 PM,,
127,Input,N01W4F1RGB,F1-RGO BIKU-PUN,,,N01,Waste Plastic,N01W4,Nhựa trắng,White E Plastic scrap ( Phế liệu nhựa trắng ),White plastic,Recycle,Tái chế,Rác bán lấy tiền,Recycle_Non_hazardous_Waste,Cân Thường,0,0.00,0,0.00,0.00,0.00,,0.00,24.80,0.00,24.80,20250221-F1-NHAN,2/21/2025 2:30:41 PM,,
128,Input,N02W1F1ANA,F1-Analysit,,,N02,Waste Paper,N02W1,Bìa giấy carton,Carton paper scrap (Phế liệu bìa giấy), Carton paper ,Recycle,Tái chế,Rác bán lấy tiền,Recycle_Non_hazardous_Waste,Cân Thường,0,0.00,0,0.00,0.00,0.00,,0.00,180.00,0.00,180.00,20250220-F1-NHAN,2/20/2025 4:17:52 PM,,
129,Output,N01W7TL,,Thăng Long,17M7-6429,N01,Waste Plastic,N01W7,Phế liệu tấm nhựa đệm,Large Supporting board scrap ( Phế liệu tấm nhựa đệm),Large supporting board,Recycle,Tái chế,Rác bán lấy tiền,Recycle_Non_hazardous_Waste,Cân xe đẩy,0,0.00,0,0.00,45.00,0.00,,0.00,180.00,45.00,135.00,20250214-F1-GIAO-TL-17M76429-02,2/14/2025 6:02:38 AM,,
130,Output,N01W7TL,,Thăng Long,17M7-6429,N01,Waste Plastic,N01W7,Phế liệu tấm nhựa đệm,Large Supporting board scrap ( Phế liệu tấm nhựa đệm),Large supporting board,Recycle,Tái chế,Rác bán lấy tiền,Recycle_Non_hazardous_Waste,Cân xe đẩy,0,0.00,0,0.00,45.00,0.00,,0.00,180.00,45.00,135.00,20250214-F1-GIAO-TL-17M76429-02,2/14/2025 6:02:17 AM,,
131,Output,N01W6TL,,Thăng Long,17M7-6429,N01,Waste Plastic,N01W6,Đĩa nhựa,Disc plastic scrap ( Phế liệu nhựa loại 4 ),Disc plastic,Recycle,Tái chế,Rác bán lấy tiền,Recycle_Non_hazardous_Waste,Cân xe đẩy,0,0.00,0,0.00,45.00,0.00,,0.00,180.00,45.00,135.00,20250214-F1-GIAO-TL-17M76429-02,2/14/2025 5:57:08 AM,,
132,Output,N01W6TL,,Thăng Long,17M7-6429,N01,Waste Plastic,N01W6,Đĩa nhựa,Disc plastic scrap ( Phế liệu nhựa loại 4 ),Disc plastic,Recycle,Tái chế,Rác bán lấy tiền,Recycle_Non_hazardous_Waste,Cân xe đẩy,0,0.00,0,0.00,45.00,0.00,,0.00,180.00,45.00,135.00,20250214-F1-GIAO-TL-17M76429-02,2/14/2025 5:56:59 AM,,
133,Output,N01W6TL,,Thăng Long,17M7-6429,N01,Waste Plastic,N01W6,Đĩa nhựa,Disc plastic scrap ( Phế liệu nhựa loại 4 ),Disc plastic,Recycle,Tái chế,Rác bán lấy tiền,Recycle_Non_hazardous_Waste,Cân xe đẩy,0,0.00,0,0.00,45.00,0.00,,0.00,180.00,45.00,135.00,20250214-F1-GIAO-TL-17M76429-02,2/14/2025 5:56:31 AM,,
134,Output,N01W6TL,,Thăng Long,17M7-6429,N01,Waste Plastic,N01W6,Đĩa nhựa,Disc plastic scrap ( Phế liệu nhựa loại 4 ),Disc plastic,Recycle,Tái chế,Rác bán lấy tiền,Recycle_Non_hazardous_Waste,Cân xe đẩy,0,0.00,0,0.00,45.00,0.00,,0.00,180.00,45.00,135.00,20250214-F1-GIAO-TL-17M76429-02,2/14/2025 5:54:25 AM,,
135,Output,N01W2TL,,Thăng Long,17M7-6429,N01,Waste Plastic,N01W2,Nhựa PVC,White C Plastic ( Phế liệu nhựa loại 5),Material roll by PVC plastic,Recycle,Tái chế,Rác bán lấy tiền,Recycle_Non_hazardous_Waste,Cân xe đẩy,0,0.00,0,0.00,45.00,0.00,,0.00,180.00,45.00,135.00,20250214-F1-GIAO-TL-17M76429-02,2/14/2025 5:52:17 AM,,
136,Output,N01W2TL,,Thăng Long,17M7-6429,N01,Waste Plastic,N01W2,Nhựa PVC,White C Plastic ( Phế liệu nhựa loại 5),Material roll by PVC plastic,Recycle,Tái chế,Rác bán lấy tiền,Recycle_Non_hazardous_Waste,Cân xe đẩy,0,0.00,0,0.00,45.00,0.00,,0.00,180.00,45.00,135.00,20250214-F1-GIAO-TL-17M76429-01,2/14/2025 5:51:27 AM,,
137,Output,N01W2TL,,Thăng Long,17M7-6429,N01,Waste Plastic,N01W2,Nhựa PVC,White C Plastic ( Phế liệu nhựa loại 5),Material roll by PVC plastic,Recycle,Tái chế,Rác bán lấy tiền,Recycle_Non_hazardous_Waste,Cân xe đẩy,0,0.00,0,0.00,45.00,0.00,,0.00,180.00,45.00,135.00,20250214-F1-GIAO-TL-17M76429-01,2/14/2025 5:51:07 AM,,
138,Output,N01W2TL,,Thăng Long,17M7-6429,N01,Waste Plastic,N01W2,Nhựa PVC,White C Plastic ( Phế liệu nhựa loại 5),Material roll by PVC plastic,Recycle,Tái chế,Rác bán lấy tiền,Recycle_Non_hazardous_Waste,Cân xe đẩy,0,0.00,0,0.00,45.00,0.00,,0.00,180.00,45.00,135.00,20250214-F1-GIAO-TL-17M76429-01,2/14/2025 5:40:30 AM,,
139,Output,N01W2TL,,Thăng Long,17M7-6429,N01,Waste Plastic,N01W2,Nhựa PVC,White C Plastic ( Phế liệu nhựa loại 5),Material roll by PVC plastic,Recycle,Tái chế,Rác bán lấy tiền,Recycle_Non_hazardous_Waste,Cân xe đẩy,0,0.00,0,0.00,45.00,0.00,,0.00,180.00,45.00,135.00,20250214-F1-GIAO-TL-17M76429-01,2/14/2025 5:38:04 AM,,
140,Output,N01W2TL,,Thăng Long,17M7-6429,N01,Waste Plastic,N01W2,Nhựa PVC,White C Plastic ( Phế liệu nhựa loại 5),Material roll by PVC plastic,Recycle,Tái chế,Rác bán lấy tiền,Recycle_Non_hazardous_Waste,Cân xe đẩy,0,0.00,0,0.00,45.00,0.00,,0.00,180.00,45.00,135.00,20250214-F1-GIAO-TL-17M76429-01,2/14/2025 5:23:25 AM,,
141,Output,N01W2TL,,Thăng Long,17M7-6429,N01,Waste Plastic,N01W2,Nhựa PVC,White C Plastic ( Phế liệu nhựa loại 5),Material roll by PVC plastic,Recycle,Tái chế,Rác bán lấy tiền,Recycle_Non_hazardous_Waste,Cân xe đẩy,0,0.00,0,0.00,45.00,0.00,,0.00,180.00,45.00,135.00,20250214-F1-GIAO-TL-17M76429-01,2/14/2025 5:22:09 AM,,
142,Output,N01W2TL,,Thăng Long,17M7-6429,N01,Waste Plastic,N01W2,Nhựa PVC,White C Plastic ( Phế liệu nhựa loại 5),Material roll by PVC plastic,Recycle,Tái chế,Rác bán lấy tiền,Recycle_Non_hazardous_Waste,Cân xe đẩy,0,0.00,0,0.00,45.00,0.00,,0.00,180.00,45.00,135.00,20250214-F1-GIAO-TL-17M76429-01,2/14/2025 5:21:05 AM,,
143,Output,N01W2TL,,Thăng Long,17M7-6429,N01,Waste Plastic,N01W2,Nhựa PVC,White C Plastic ( Phế liệu nhựa loại 5),Material roll by PVC plastic,Recycle,Tái chế,Rác bán lấy tiền,Recycle_Non_hazardous_Waste,Cân xe đẩy,0,0.00,0,0.00,45.00,0.00,,0.00,180.00,45.00,135.00,20250214-F1-GIAO-TL-17M76429-01,2/14/2025 5:20:24 AM,,
144,Output,N01W2TL,,Thăng Long,17M7-6429,N01,Waste Plastic,N01W2,Nhựa PVC,White C Plastic ( Phế liệu nhựa loại 5),Material roll by PVC plastic,Recycle,Tái chế,Rác bán lấy tiền,Recycle_Non_hazardous_Waste,Cân xe đẩy,0,0.00,0,0.00,45.00,0.00,,0.00,180.00,45.00,135.00,20250214-F1-GIAO-TL-17M76429-01,2/14/2025 5:19:34 AM,,
145,Input,N14W2F1PUN,F1-Punching,,,N14,Mixed Non recyclable Waste,N14W2,Giấy chứa nilon,,Paper contain Nylon ,Incineration with WtE,Không nguy hại; không tái chế,Rác thuê xử lý,Paper contain Nylon ,Cân Thường,0,0.00,0,0.00,0.00,0.00,,0.00,180.00,0.00,180.00,20250212-F1-NHAN,2/12/2025 4:52:22 PM,,
146,Input,N14W1F1MIC,F1-Micro,,,N14,Mixed Non recyclable Waste,N14W1,Rác công nghiệp,Rác công nghiệp không nhiễm thành phần nguy hại,PET plastic and PET plastic contain paper,Incineration with WtE,Không nguy hại; không tái chế,Rác thuê xử lý,PET plastic and PET plastic contain paper,Cân Thường,0,0.00,0,0.00,0.00,0.00,,0.00,180.00,0.00,180.00,20250212-F1-NHAN,2/12/2025 4:51:57 PM,,
147,Output,N03W4TT,,Thuận Thành,18AE-1234,N03,Waste Metal,N03W4,Phế liệu dây chì thải,Dây chì,Aluminum 1,Recycle,Tái chế,Rác bán lấy tiền,Recycle_Non_hazardous_Waste,Cân Thường,0,0.00,0,0.00,0.00,0.00,,0.00,180.00,0.00,180.00,20250212-F1-GIAO-TT-18AE1234-01,2/12/2025 3:40:50 PM,,
148,Output,N03W5TT,,Thuận Thành,18AE-1234,N03,Waste Metal,N03W5,Phế liệu nhôm,Aluminum (Phế liệu nhôm),Aluminum 2,Recycle,Tái chế,Rác bán lấy tiền,Recycle_Non_hazardous_Waste,Cân Thường,0,0.00,0,0.00,0.00,0.00,,0.00,180.00,0.00,180.00,20250212-F1-GIAO-TT-18AE1234-01,2/12/2025 3:24:25 PM,,
